code,name,lat,lon
AAP,"Aji Pangeran Tumenggung Pranoto International Airport, Samarinda",-0.374478,117.250128
AAS,Apalapsili Airport,-3.882495,139.310932
ABU,"AA Bere Tallo (Haliwen) Airport, Atambua",-9.074841,124.903285
AEG,"Aek Godang Airport, Padang Sidempuan",1.4001,99.430496
AGD,"Anggi Airport, Anggi-Papua Island",-1.3858,133.8737
AHI,Amahai Airport,-3.347851,128.927093
AKQ,"Astra Ksetra Airport, Menggala",-4.611588,105.231968
AMQ,"Pattimura International Airport, Ambon",-3.71026,128.089005
APD,"Arung Palakka Airport, Bone",-4.459582,120.310436
ARD,"Alor Island - Mali Airport, Kabola",-8.13234,124.597
AXO,Pantar Kabir Airport,-8.244832,124.219108
AYW,Ayawasi Airport,-1.159779,132.464082
BDJ,"Syamsudin Noor International Airport, Banjarbaru",-3.440112,114.761209
BDO,"Husein Sastranegara International Airport, Bandung",-6.90063,107.575996
BEJ,"Kalimarau Airport, Tanjung Redeb - Borneo Island",2.14776,117.430705
BIK,"Frans Kaisiepo Airport, Biak",-1.19002,136.108002
BJK,"Benjina Airport, Maikoor Island",-6.06613,134.273971
BJW,"Bajawa Soa (Turelelo) Airport, Soa, Ngada",-8.70777,121.058243
BKS,"Fatmawati Soekarno Airport, Bengkulu",-3.8637,102.338997
BMU,"Sultan Muhammad Salahuddin Airport, Bima",-8.537184,118.685002
BPN,"Sultan Aji Muhammad Sulaiman Sepinggan International Airport, Balikpapan",-1.268342,116.89452
BQR,"Maulana Prins Mandapar Airstrip, Kendek",-1.548841,123.554133
BRG,"Siau/Sitaro Airport, Balirangen",2.648591,125.423301
BTH,"Hang Nadim International Airport, Batam",1.12103,104.119003
BTJ,"Sultan Iskandar Muda International Airport, Banda Aceh",5.525087,95.41997
BTW,"Bersujud Airport, Batu Licin",-3.41241,115.995003
BUI,Bokondini Airport,-3.68455,138.677437
BUU,Muara Bungo Airport,-1.541635,102.181613
BUW,"Betoambari Airport, Bau Bau",-5.486037,122.569823
BWX,"Banyuwangi Airport, Rogojampi, Banyuwangi",-8.31015,114.3401
BXB,Babo Airport,-2.53224,133.438995
BXD,Bade Airport,-7.175902,139.58333
BXM,Batom Airport,-4.442687,140.883565
BXT,"LNG Badak Airport, Bontang-Borneo Island",0.121656,117.476558
BXW,"Harun Thohir Airport, Bawean",-5.723628,112.678889
CBN,"Cakrabhuwana Airport, Cirebon-Java Island",-6.757,108.538849
CGK,"Soekarno-Hatta International Airport, Jakarta",-6.12557,106.655998
CJN,"Nusawiru Airport, Cijulang",-7.719895,108.488995
CPF,"Ngloram Airport, Blora",-7.195522,111.545287
CXP,"Tunggul Wulung Airport, Cilacap",-7.64506,109.033997
DEX,Nop Goliat Dekai Airport,-4.8557,139.482006
DHX,"Dhoho International Airport, Kediri",-7.749527,111.946831
DJB,"Sultan Thaha Airport, Jambi",-1.638685,103.645063
DJJ,"Dortheys Hiyo Eluay International Airport, Sentani",-2.579627,140.519857
DOB,"Rar Gwamar Airport, Dobo-Warmar Island",-5.773724,134.209245
DPS,"Denpasar I Gusti Ngurah Rai International Airport, Kuta, Badung",-8.748409,115.167123
DRH,Dabra Airport,-3.27061,138.613433
DTB,"Silangit Airport, Siborong-Borong",2.25973,98.991898
DTD,"Datadawai Airport, Datadawai-Borneo Island",0.807028,114.529052
DUM,"Pinang Kampai Airport, Dumai",1.609026,101.433493
ELR,Elelim Airport,-3.785922,139.384497
ENE,H. Hasan Aroeboesman (Ende) Airport,-8.849114,121.66101
ENG,Enggano Airport,-5.305621,102.189546
EWE,"Ewer Asmat Airport, Agats",-5.496185,138.078361
EWI,Enarotali Airport,-3.925739,136.378634
FKQ,Fakfak Airport,-2.920508,132.267011
FLZ,"Dr. Ferdinand Lumban Tobing Airport, Sibolga (Pinangsori)",1.557127,98.887145
FOO,"Kornasoren Airport, Nomfor",-0.935745,134.872292
FSH,"Syekh Hamzah Fansyuri Airport, Singkil",2.269614,97.967863
GAV,Gag Island Airport,-0.400556,129.895004
GEB,"Gebe Airport, Gebe Island",-0.078889,129.457993
GHS,"Melalan Airport, Melak-Borneo Island",-0.203611,115.760002
GLX,"Gamarmalamo Airport, Galela",1.838134,127.786191
GNS,"Binaka Airport, Gunungsitoli",1.166275,97.705196
GTO,"Jalaluddin Airport, Gorontalo",0.637119,122.849998
GXM,Kuala Kurun Airport,-1.128903,113.873075
GYO,"Blangkejeren Airport, Kabupaten Gayo Lues",3.94548,97.35968
HLP,"Halim Perdanakusuma International Airport, Jakarta",-6.266989,106.890318
HMS,"Haji Muhammad Sidik Airport, Muara Teweh",-1.02581,114.92881
IAX,Miangas Airport,5.560419,126.580095
ILA,Ilaga Airport,-3.97648,137.6225
INX,Inanwatan Airport,-2.127447,132.160056
IUL,Ilu Airport,-3.7051,138.2002
JBB,"Notohadinegoro Airport, Jember",-8.242494,113.693476
JHN,"Jenderal Besar Abdul Haris Nasution Airport, Mandailing",0.943995,99.534093
JIO,"Jos Orno Imsula Airport, Tiakur",-8.140683,127.909669
JOG,"Adisutjipto International Airport, Yogyakarta",-7.78818,110.431999
KAZ,"Kuabang Airport, Kao",1.188608,127.896036
KBF,Karubaga Airport,-3.684615,138.479018
KBU,"Gusti Syamsir Alam Airport, Stagen",-3.294796,116.163815
KBX,"Kambuaya Airport, Kambuaya-Papua Island",-1.316815,132.286987
KCD,Kamur Airport,-6.1851,138.6372
KDI,"Haluoleo Airport, Kendari",-4.08161,122.417999
KEI,Kepi Airport,-6.54297,139.332401
KEQ,Kebar Airport,-0.810418,133.054937
KJT,Kertajati International Airport,-6.647384,108.165561
KJX,"Kuala Batu Airport, Blangpidie",3.735749,96.790109
KLP,Seruyan Kuala Pembuang Airport,-3.376062,112.536521
KMM,Kimaam Airport,-7.97789,138.851776
KNG,"Utarom Airport, Kaimana",-3.6446,133.695116
KNO,"Kualanamu International Airport, Beringin",3.637847,98.870566
KOD,"Kotabangun Airport, Kotabangun-Borneo Island",-0.26667,116.583336
KOE,"El Tari Airport, Kupang",-10.1716,123.670998
KOX,Kokonao Airport,-4.71075,136.43515
KRC,"Departi Parbo Airport, Sungai Penuh",-2.094042,101.47025
KSR,"Selayar - Haji Aroeppala Airport, Benteng",-6.17921,120.437479
KTG,"Rahadi Osman Airport, Ketapang",-1.817165,109.963469
KWB,"Dewadaru Airport, Karimunjawa",-5.80091,110.47838
KXB,"Sangia Nibandera Airport, Kolaka",-4.338158,121.524047
LAH,"Oesman Sadik Airport, Labuha-Halmahera Island",-0.633764,127.505394
LBJ,"Komodo Airport, Labuan Bajo, Manggarai Barat",-8.480694,119.888306
LBW,"Yuvai Semaring Airport, Long Bawan",3.900495,115.690089
LHI,"Lereh Airport, Lereh-Papua Island",-3.080046,139.952817
LII,"Mulia Airport, Mulia-Papua Island",-3.701938,137.957
LKA,"Larantuka Gewayentana Airport, Tiwatobi",-8.274424,123.002
LKI,"Lasikin Airport, Lubang",2.411328,96.327722
LKM,"Bolaang Mongondow Airport, Lolak",0.88855,124.033634
LLJ,"Silampari Airport, Lubuk Linggau",-3.288165,102.91449
LLN,Kelila Airport,-3.728968,138.710117
LLO,Bua - Palopo Lagaligo Airport,-3.08227,120.244823
LMU,"Letung Airport, Bukit Padi",2.96447,105.75484
LNU,"Robert Atty Bessing, Malinau",3.575256,116.619769
LOP,"Lombok International Airport, Mataram (Pujut, Lombok Tengah)",-8.759962,116.278169
LPU,"Long Apung Airport, Long Apung-Borneo Island",1.706932,114.969934
LSR,"Alas Leuser Airport, Kutacane",3.391456,97.863726
LSW,"Malikus Saleh Airport, Lhok Seumawe-Sumatra Island",5.22668,96.950302
LSX,"Lhok Sukon Airport, Lhok Sukon-Sumatra Island",5.06951,97.259201
LUV,"Karel Sadsuitubun Airport, Langgur",-5.760278,132.759444
LUW,"Syukuran Aminuddin Amir Airport, Luwok",-1.035893,122.773934
LWE,"Wonopito Airport, Lewoleba",-8.361805,123.438554
LYK,Lunyuk Airport,-8.989931,117.216018
MAL,"Mangole Airport, Falabisahaya, Mangole Island",-1.782255,125.482246
MDC,"Sam Ratulangi International Airport, Manado",1.548591,124.92625
MDP,"Mindiptana Airport, Mindiptana-Papua Island",-5.876929,140.70946
MEQ,"Cut Nyak Dhien Airport, Kuala Pesisir",4.040998,96.253312
MES,"Soewondo Air Force Base, Medan",3.558425,98.672275
MJU,"Tampa Padang Airport, Mamuju",-2.590017,119.025051
MKQ,"Mopah International Airport, Merauke",-8.523898,140.419693
MKW,"Rendani Airport, Manokwari",-0.891833,134.048996
MLG,"Abdul Rachman Saleh Airport, Malang",-7.929099,112.714233
MNA,"Melangguane Airport, Karakelong Island",4.010334,126.673192
MOF,"Frans Xavier Seda Airport, Waioti",-8.639514,122.238135
MOH,"Maleo Airport, Morowali",-2.201143,121.662884
MPC,Muko Muko Airport,-2.541058,101.087651
MSI,"Masalembo Airport, Masalembo Island",-5.58333,114.432999
MWK,"Matak Airport, Palmatak",3.34812,106.258003
MWS,Indonesia Morowali Industrial Park (IMIP) Airport,-2.799322,122.141385
MXB,"Andi Jemma Airport, Masamba",-2.558031,120.324342
NAF,"Banaina Airport, Banaina-Borneo Island",2.72305,117.125999
NAH,"Naha Airport, Tabukan Utara, Sangihe Islands",3.68478,125.527162
NAM,Namniwel Airport,-3.143159,126.976469
NBX,"Douw Aturure Airport, Nabire",-3.397973,135.393071
NDA,Bandanaira Airport,-4.5214,129.9054
NKD,Sinak Airport,-3.822249,137.839208
NNX,"Nunukan Airport, Nunukan-Nunukan Island",4.134001,117.669546
NPO,"Nanga Pinoh Airport, Nanga Pinoh-Borneo Island",-0.34864,111.746155
NRE,Namrole Airport,-3.85522,126.700902
NTI,"Stenkol Airport, Bintuni",-2.102572,133.515981
NTX,"Ranai Airport, Ranai-Natuna Besar Island",3.90871,108.388
OBD,Obano Airport,-3.9106,136.2306
OJU,"Tanjung Api Airport, Tojo Una-Una",-0.865437,121.628625
OKL,Oksibil Airport,-4.9071,140.6277
OKQ,Okaba Airport,-8.0946,139.7233
ONI,Moanamani Airport,-4.00659,136.037704
OTI,"Pitu Airport, Gotalalamo-Morotai Island",2.04599,128.324997
PCB,"Pondok Cabe Air Base, Jakarta",-6.33696,106.764999
PDG,"Minangkabau International Airport, Padang (Katapiang)",-0.785964,100.280384
PDO,"Pendopo Airport, Talang Gudang-Sumatra Island",-3.28607,103.879997
PGK,"Depati Amir Airport, Pangkal Pinang",-2.1622,106.139
PGQ,"Buli Airport, Pekaulang",0.917144,128.382116
PKN,"Iskandar Airport, Pangkalanbun",-2.7052,111.672997
PKU,"Sultan Syarif Kasim II International Airport / Roesmin Nurjadin AFB, Pekanbaru",0.458647,101.444321
PKY,"Tjilik Riwut Airport, Palangkaraya",-2.227146,113.943388
PLM,"Sultan Mahmud Badaruddin II Airport, Palembang",-2.897653,104.698147
PLW,"Mutiara - SIS Al-Jufrie Airport, Palu",-0.916462,119.908647
PNK,"Supadio International Airport, Pontianak",-0.152258,109.404493
PPJ,"Pulau Panjang Airport, Jakarta",-5.644444,106.5625
PPR,"Tuanku Tambusai Airport, Pasir Pengarayan",0.845431,100.370154
PSJ,"Kasiguncu Airport, Poso-Celebes Island",-1.414121,120.659241
PSU,"Pangsuma Airport, Putussibau-Borneo Island",0.834579,112.940217
PWL,"Jenderal Besar Soedirman Airport, Purwokerto-Java Island",-7.461239,109.414124
PXA,"Atung Bungsu Airport, Bentayan",-4.0225,103.379167
RAQ,"Sugimanuru Airport, Raha",-4.763298,122.566352
RDE,"Merdey Airport, Merdei-Papua Island",-1.591154,133.295867
RGT,"Japura Airport, Rengat-Sumatra Island",-0.352808,102.334999
RJM,"Marinda Airport, Waisai",-0.424969,130.773535
RKI,"Mentawai Airport, Sipura Island",-2.1001,99.7044
RSK,"Abresso Airport, Ransiki-Papua Island",-1.496667,134.1925
RTG,"Frans Sales Lega Airport, Satar Tacik, Manggarai",-8.596171,120.478177
RTI,"David Constantijn Saudale Airport, Ba'a - Rote Island",-10.765834,123.076046
RTO,"Budiarto Airport, Tangerang-Java Island",-6.293171,106.57
RTU,Maratua Airport,2.19759,118.599361
RUF,"Yuruf Airport [UNUSABLE], Amgotro",-3.628919,140.953689
SAU,"Sabu-Tardanu Airport, Sabu-Sawu Island",-10.4924,121.8482
SBG,"Maimun Saleh Airport, Sabang",5.874668,95.33967
SEH,Senggeh Airport,-3.442448,140.778079
SEQ,"Sungai Pakning Bengkalis Airport, Bengkalis-Sumatra Island",1.37,102.139999
SGQ,"Sangkimah Airport, Sanggata",0.384421,117.542832
SIQ,"Dabo Airport, Pasirkuning-Singkep Island",-0.479611,104.579498
SIW,"Sibisa Airport, Parapat-Sumatra Island",2.601967,98.962381
SKJ,Singkawang Airport,0.789936,108.960395
SMQ,Sampit (H.Asan) Airport,-2.499198,112.974987
SOC,"Adisoemarmo International Airport, Surakarta",-7.516044,110.757492
SOQ,"Domine Eduard Osok Airport, Sorong",-0.894,131.287
SQG,"Tebelian Airport, Sintang",-0.045214,111.458049
SQN,"Emalamo Airport, Sanana",-2.100424,125.965838
SQR,Soroako Airport,-2.530582,121.356096
SRG,"Jenderal Ahmad Yani Airport, Semarang",-6.970732,110.373244
SUB,"Juanda International Airport, Surabaya",-7.37983,112.787003
SUP,"Trunojoyo Airport, Sumenep",-7.022391,113.887699
SWQ,"Sultan Muhammad Kaharuddin III Airport, Sumbawa Besar",-8.48904,117.412003
SXK,"Mathilda Batlayeri Airport, Saumlaki-Yamdena Island",-7.848354,131.337068
TAX,"Taliabu Island Airport, Tikong-Taliabu Island",-1.64263,124.558998
TBM,"Tumbang Samba Airport, Tumbang Samba-Borneo Island",-1.469024,113.080984
TBX,Tambelan Airport,0.979922,107.564658
TFY,"Muhammad Taufiq Kiemas Airport, Krui",-5.211562,103.936501
TIM,"Mozes Kilangin Airport, Timika",-4.52978,136.887388
TJB,"Raja Haji Abdullah Airport, Tanjung Balai-Karinmunbesar Island",1.05287,103.391517
TJG,"Warukin Airport, Tanta-Tabalong",-2.21656,115.435997
TJQ,"H A S Hanandjoeddin International Airport, Tanjung Pandan",-2.744109,107.754535
TJS,"Tanjung Harapan Airport, Tanjung Selor-Borneo Island",2.838139,117.374584
TKG,"Radin Inten II International Airport, Bandar Lampung",-5.246803,105.182531
TLI,"Sultan Bantilan Airport, Toli Toli-Celebes Island",1.123428,120.793658
TMC,"Tambolaka Airport, Radamata",-9.409224,119.242558
TMH,Tanah Merah Airport,-6.09669,140.303521
TMY,"Tiom Airport, Tiom-Papua Island",-3.9256,138.4555
TNB,Tanah Grogot Airport,-1.885541,116.256809
TNJ,"Raja Haji Fisabilillah International Airport, Tanjung Pinang-Bintan Island",0.92397,104.53341
TPK,"Teuku Cut Ali Airport, Tapaktuan",3.16904,97.288299
TQQ,"Maranggo Airport, Waha-Tomea Island",-5.766423,123.918668
TRK,"Juwata International Airport / Suharnoko Harbani AFB, Tarakan",3.325145,117.564169
TRT,Toraja Airport,-3.184359,119.919104
TSY,"Wiriadinata Airport, Cibeureum, Tasikmalaya-Java Island",-7.347967,108.246998
TTE,"Sultan Babullah Airport, Ternate",0.831012,127.381611
TTR,"Pongtiku Airport, Makale",-3.04474,119.821999
TXE,"Rembele Airport, Takengon",4.72113,96.851943
TXM,"Teminabuan Airport, Atinjoe",-1.44545,132.021139
UGU,"Bilorai Airport, Bilogai",-3.739503,137.031183
UOL,Buol - Pogogul Airport,1.102318,121.413358
UPG,"Sultan Hasanuddin International Airport, Makassar",-5.075539,119.553702
WBA,Wahai Airport,-2.8114,129.484
WDB,Weda Bay Airport,0.467938,127.948242
WET,"Deiyai / Waghete Baru Airport, Tigi",-4.05916,136.281715
WGP,"Umbu Mehang Kunda Airport, Waingapu-Sumba Island",-9.66922,120.302002
WMX,Wamena Airport,-4.097324,138.952417
WNI,"Matahora Airport, Wangi-wangi Island",-5.292123,123.636233
WSR,Wasior Airport,-2.720434,134.505902
YIA,Yogyakarta International Airport,-7.905338,110.057264
ZEG,"Senggo Airport, Senggo-Papua Island",-5.690668,139.350414
ZRI,"Stevanus Rumbewas Airport, Serui",-1.82842,136.062402
ZRM,Mararena Sarmi Airport,-1.873077,138.753275
